ÿ,≠,ÿ,±,ÿ,®,"
"
ÿ,£,Ÿ,á,Ÿ,Ñ,Ÿ,ä,ÿ,©,"
"
ÿ,π,Ÿ,Ü,Ÿ,Å,"
"
ÿ,π,Ÿ,Ü,Ÿ,ä,Ÿ,Å,"
"
ÿ,µ,ÿ,±,ÿ,ß,ÿ,π,"
"
Ÿ,Ç,ÿ,™,ÿ,ß,Ÿ,Ñ,"
"
Ÿ,Ç,ÿ,™,Ÿ,Ñ,"
"
Ÿ,Ö,ÿ,π,ÿ,ß,ÿ,±,Ÿ,É,"
"
Ÿ,Ö,ÿ,¨,ÿ,≤,ÿ,±,"
"
ÿ,¨,ÿ,±,ÿ,≠,"
"
ÿ,¨,ÿ,≤,ÿ,ß,ÿ,±,"
"
ÿ,ß,Ÿ,Ü,Ÿ,Å,ÿ,¨,ÿ,ß,ÿ,±,"
"
ÿ,≥,Ÿ,ä,ÿ,ß,ÿ,±,"
"
Ÿ,Ö,Ÿ,Å,ÿ,Æ,ÿ,Æ,ÿ,©,"
"
Ÿ,Ö,Ÿ,Ñ,ÿ,∫,Ÿ,à,Ÿ,Ö,ÿ,©,"
"
ÿ,¨,ÿ,´,ÿ,©,"
"
ÿ,ß,ÿ,Æ,ÿ,™,ÿ,∑,ÿ,ß,Ÿ,Å,"
"
Ÿ,É,Ÿ,Ö,Ÿ,ä,Ÿ,Ü,"
"
ÿ,ß,Ÿ,Ü,ÿ,™,ÿ,≠,ÿ,ß,ÿ,±,"
"
ÿ,ß,Ÿ,Ü,ÿ,™,ÿ,≠,ÿ,ß,ÿ,±,Ÿ,ä,"
"
ÿ,ß,ÿ,∫,ÿ,™,ÿ,µ,ÿ,ß,ÿ,®,"
"
ÿ,ß,ÿ,∂,ÿ,∑,Ÿ,á,ÿ,ß,ÿ,Ø,"
"
ÿ,ß,ÿ,∫,ÿ,™,Ÿ,ä,ÿ,ß,Ÿ,Ñ,"
"
ÿ,ß,ÿ,±,Ÿ,á,ÿ,ß,ÿ,®,"
"
Ÿ,Ö,Ÿ,ä,Ÿ,Ñ,Ÿ,ä,ÿ,¥,Ÿ,ä,"
"
Ÿ,Ç,ÿ,ß,ÿ,¶,ÿ,Ø,"
"
ÿ,π,ÿ,≥,Ÿ,É,ÿ,±,Ÿ,ä,"
"
Ÿ,á,ÿ,ß,ÿ,¨,Ÿ,Ö,"
"
Ÿ,á,ÿ,¨,Ÿ,à,Ÿ,Ö,"
"
Ÿ,á,ÿ,¨,Ÿ,Ö,ÿ,ß,ÿ,™,"
"
Ÿ,Ö,Ÿ,Ç,ÿ,™,Ÿ,Ñ,"
"
ÿ,π,ÿ,µ,ÿ,ß,ÿ,®,ÿ,©,"
"
ÿ,¨,ÿ,±,Ÿ,ä,Ÿ,Ö,"
"
ÿ,≥,ÿ,±,Ÿ,Ç,ÿ,©,"
"
ÿ,ß,ÿ,¥,ÿ,™,ÿ,®,ÿ,ß,Ÿ,É,"
"
Ÿ,Ö,ÿ,≥,Ÿ,Ñ,ÿ,≠,Ÿ,ä,"
"
Ÿ,á,ÿ,ß,Ÿ,à,Ÿ,Ü,"
"
ÿ,µ,ÿ,ß,ÿ,±,Ÿ,à,ÿ,Æ,"
"
ÿ,≠,ÿ,µ,ÿ,ß,ÿ,±,"
"
Ÿ,Ç,ÿ,µ,Ÿ,Å,"
"
Ÿ,Ç,ÿ,∞,ÿ,ß,ÿ,¶,Ÿ,Å,"
"
Ÿ,Ç,Ÿ,à,ÿ,ß,ÿ,™, ,"
"
Ÿ,Ç,Ÿ,Ü,ÿ,®,Ÿ,Ñ,ÿ,©,"
"
Ÿ,Ö,ÿ,π,ÿ,ß,ÿ,±,ÿ,∂,"
"
Ÿ,Ö,ÿ,≥,ÿ,Ø,ÿ,≥,"
"
ÿ,¨,Ÿ,Ü,Ÿ,à,ÿ,Ø,"
"
Ÿ,Ö,ÿ,™,Ÿ,Ö,ÿ,±,ÿ,Ø,"
"
ÿ,ß,ÿ,∂,ÿ,∑,ÿ,±,ÿ,ß,ÿ,®,"
"
Ÿ,Ö,ÿ,∂,ÿ,∑,ÿ,±,ÿ,®,"
"
ÿ,´,ÿ,ß,ÿ,¶,ÿ,±,"
"
Ÿ,Ç,ÿ,™,Ÿ,ä,Ÿ,Ñ,"
"
ÿ,£,ÿ,≤,Ÿ,Ö,ÿ,©,"
"
ÿ,∂,ÿ,≠,Ÿ,ä,ÿ,©,"
"
ÿ,ß,ÿ,π,ÿ,™,Ÿ,Ç,ÿ,ß,Ÿ,Ñ,"
"
ÿ,ß,ÿ,≠,ÿ,™,ÿ,¨,ÿ,ß,ÿ,≤,"
"
Ÿ,Ö,ÿ,π,ÿ,™,Ÿ,Ç,Ÿ,Ñ,"
"
Ÿ,Ö,ÿ,≠,ÿ,™,ÿ,¨,ÿ,≤,"
"
ÿ,≥,ÿ,¨,Ÿ,ä,Ÿ,Ü,"
"
ÿ,≥,ÿ,¨,Ÿ,Ü,"
"
Ÿ,Ö,ÿ,±,Ÿ,É,ÿ,≤,"
"
ÿ,ß,Ÿ,Ñ,ÿ,ß,ÿ,π,ÿ,™,Ÿ,Ç,ÿ,ß,Ÿ,Ñ,"
"
ÿ,ß,Ÿ,Ñ,ÿ,ß,ÿ,≠,ÿ,™,ÿ,¨,ÿ,ß,ÿ,≤,"
"
ÿ,π,ÿ,¥,Ÿ,à,ÿ,ß,ÿ,¶,Ÿ,ä,"
"
ÿ,≠,ÿ,ß,ÿ,¨,ÿ,≤,"
"
Ÿ,Ü,Ÿ,Ç,ÿ,∑,ÿ,©,"
"
ÿ,™,Ÿ,Å,ÿ,™,Ÿ,ä,ÿ,¥,"
"
ÿ,π,Ÿ,Ö,Ÿ,Ñ,Ÿ,ä,ÿ,©,"
"
ÿ,ß,Ÿ,Ñ,ÿ,™,Ÿ,à,Ÿ,Ç,Ÿ,ä,Ÿ,Å,"
"
ÿ,™,ÿ,π,ÿ,∞,Ÿ,ä,ÿ,®,"
"
ÿ,π,ÿ,∞,ÿ,ß,ÿ,®,"
"
ÿ,π,Ÿ,Ü,ÿ,ß,ÿ,µ,ÿ,±,"
"
ÿ,ß,ÿ,π,ÿ,Ø,Ÿ,Ö,"
"
ÿ,ß,ÿ,π,ÿ,Ø,ÿ,ß,Ÿ,Ö,"
"
ÿ,ß,Ÿ,Ü,ÿ,≥,ÿ,≠,ÿ,ß,ÿ,®,"
"
Ÿ,Ç,ÿ,µ,Ÿ,Å, ,Ÿ,Ö,ÿ,Ø,Ÿ,Å,ÿ,π,Ÿ,ä,"
"
ÿ,Æ,ÿ,µ,ÿ,ß,Ÿ,Ö,"
"
ÿ,£,ÿ,≥,Ÿ,Ñ,ÿ,≠,ÿ,©,"
"
ÿ,Æ,ÿ,∑,Ÿ,Å,"
"
ÿ,•,ÿ,µ,ÿ,ß,ÿ,®,ÿ,©,"
"
Ÿ,Å,ÿ,Ø,Ÿ,ä,ÿ,©,"
"
ÿ,£,ÿ,µ,Ÿ,ä,ÿ,®, ,"
"
ÿ,¥,Ÿ,á,Ÿ,ä,ÿ,Ø,"
"
ÿ,ß,ÿ,≥,ÿ,™,ÿ,¥,Ÿ,á,ÿ,ß,ÿ,Ø,"
"
ÿ,π,ÿ,®,Ÿ,à,ÿ,©,"
"
Ÿ,Ü,ÿ,ß,ÿ,≥,Ÿ,Å,ÿ,©,"
"
Ÿ,Ç,Ÿ,Ü,ÿ,ß,ÿ,®,ÿ,±,"
"
ÿ,Ø,Ÿ,à,ÿ,±,Ÿ,ä,ÿ,©,"
"
ÿ,ß,ÿ,≥,ÿ,™,Ÿ,á,ÿ,Ø,Ÿ,Å,"
"
Ÿ,á,ÿ,Ø,Ÿ,Å,"
"
Ÿ,Ö,Ÿ,Ç,ÿ,ß,ÿ,™,Ÿ,Ñ
